Emiten,Model,MAE,RMSE,MAPE (%),R²
ADRO,"ARIMA(3, 1, 3)",275.7585,310.0131,21.7696,-0.054232
ADRO,Hybrid ARIMA-LSTM,151.6672,170.5072,11.9733,0.681095
PTBA,"ARIMA(1, 1, 3)",206.4582,254.4575,9.6097,-0.322558
PTBA,Hybrid ARIMA-LSTM,113.552,139.9516,5.2853,0.599926
INDY,"ARIMA(1, 1, 3)",806.4725,856.4894,54.4424,-7.696651
INDY,Hybrid ARIMA-LSTM,443.5599,471.0692,29.9433,-1.630737
ITMG,"ARIMA(3, 1, 3)",3015.2685,3423.9726,15.4666,-3.340074
ITMG,Hybrid ARIMA-LSTM,1658.3977,1883.1849,8.5066,-0.312872
