Emiten,Model,MAE,RMSE,MAPE (%),R²
ADRO,"ARIMA(3, 1, 3)",309.1336,333.1538,25.4724,-0.21749
ADRO,Hybrid ARIMA-LSTM,306.4915,333.5474,25.0998,-0.220368
PTBA,"ARIMA(1, 1, 3)",206.4583,254.4576,9.6097,-0.322558
PTBA,Hybrid ARIMA-LSTM,194.6521,239.1417,9.0527,-0.168139
INDY,"ARIMA(1, 1, 3)",805.7685,855.8558,54.3985,-7.683789
INDY,Hybrid ARIMA-LSTM,912.7477,967.3363,61.4964,-10.093358
ITMG,"ARIMA(3, 1, 3)",4063.2442,4355.6865,20.5499,-6.023439
ITMG,Hybrid ARIMA-LSTM,4909.8086,5183.6138,24.7308,-8.947223
