Emiten,Model,MAE,RMSE,MAPE (%),R²
ADRO,"ARIMA(3, 1, 3)",275.921,310.1149,21.7875,-0.054924
ADRO,Hybrid ARIMA-LSTM,151.7566,170.5632,11.9831,0.680886
PTBA,"ARIMA(1, 1, 3)",206.4583,254.4576,9.6097,-0.322558
PTBA,Hybrid ARIMA-LSTM,113.5521,139.9517,5.2853,0.599926
INDY,"ARIMA(1, 1, 3)",806.4724,856.4893,54.4424,-7.69665
INDY,Hybrid ARIMA-LSTM,443.5598,471.0691,29.9433,-1.630737
ITMG,"ARIMA(3, 1, 3)",3013.1968,3421.9611,15.4563,-3.334975
ITMG,Hybrid ARIMA-LSTM,1657.2582,1882.0786,8.501,-0.31133
